headquartersid,location
1,"Armonk, New York"
2,"Camden, New Jersey"
3,"Mentor, Ohio"
4,"Rolling Meadows, Illinois"
5,"Teaneck, New Jersey"
6,"Nashville, Tennessee"
7,"Palm Beach Gardens, Florida"
8,"Atlanta, Georgia"
9,"Cincinnati, Ohio"
10,"Bozeman, Montana"
11,"Guildford, United Kingdom"
12,"Downers Grove, Illinois"
13,"Newport Beach, California"
14,"Livonia, Michigan"
15,"Reno, Nevada"
16,"Hunt Valley, Maryland"
17,"Warsaw, Indiana"
18,"Columbus, Georgia"
19,"Purchase, New York"
20,"Philadelphia, Pennsylvania"
21,"St. Petersburg, Florida"
22,"Tempe, Arizona"
23,"White Plains, New York"
24,"Rotterdam, Netherlands"
25,"Kansas City, Missouri"
26,"Seattle, Washington"
27,"North Chicago, Illinois"
28,"Lake Success, New York"
29,"Acton, Massachusetts"
30,"Highlands Ranch, Colorado"
31,"Dearborn, Michigan"
32,"Canonsburg, Pennsylvania"
33,"Rockville, Maryland"
34,"Detroit, Michigan"
35,"Paradise, Nevada"
36,"Reston, Virginia"
37,"Irvine, California"
38,"Monett, Missouri"
39,"Kingsport, Tennessee"
40,"Newport News, Virginia"
41,"Tampa, Florida"
42,"Melbourne, Florida"
43,"Burlington, Massachusetts"
44,"Madison, Wisconsin"
45,"Roseland, New Jersey"
46,"Allentown, Pennsylvania"
47,"Eindhoven, Netherlands"
48,"Bloomfield, Connecticut"
49,"Bentonville, Arkansas"
50,"Worsley, United Kingdom"
51,"Ann Arbor, Michigan"
52,"Tarrytown, New York"
53,"Waukesha, Wisconsin"
54,"Chicago, Illinois"
55,"Fort Wayne, Indiana"
56,"New York City, New York"
57,"Santa Rosa, California"
58,"Tysons Corner, Virginia"
59,"Raleigh, North Carolina"
60,"Long Beach, California"
61,"Miami, Florida"
62,"San Jose, California"
63,"New Britain, Connecticut"
64,"Brookfield, Wisconsin"
65,"North Reading, Massachusetts"
66,"San Mateo, California"
67,"Corning, New York"
68,"Hartford, Connecticut"
69,"Milpitas, California"
70,"West Falls Church, Virginia"
71,"Calhoun, Georgia"
72,"Mason, Ohio"
73,"Dublin, Ohio"
74,"Redmond, Washington"
75,"Orlando, Florida"
76,"Washington, D.C."
77,"Greensboro, North Carolina"
78,"Westlake, Texas"
79,"Pasadena, California"
80,"Los Gatos, California"
81,"Redwood City, California"
82,"Toledo, Ohio"
83,"King of Prussia, Pennsylvania"
84,"Arlington, Texas"
85,"Salt Lake City, Utah"
86,"Newark, New Jersey"
87,"Minneapolis, Minnesota"
88,"Eden Prairie, Minnesota"
89,"Midland, Michigan"
90,"Richmond, Virginia"
91,"Dublin, California"
92,"Pawtucket, Rhode Island"
93,"Parsippany, New Jersey"
94,"Marlborough, Massachusetts"
95,"Austin, Texas"
96,"Skillman, New Jersey"
97,"Boca Raton, Florida"
98,"Lowell, Arkansas"
99,"Northbrook, Illinois"
100,"Phoenix, Arizona"
101,"Secaucus, New Jersey"
102,"Kirkland, Washington"
103,"Mayfield Village, Ohio"
104,"Goleta, California"
105,"New Orleans, Louisiana"
106,"Omaha, Nebraska"
107,"Winona, Minnesota"
108,"Issaquah, Washington"
109,"Waltham, Massachusetts"
110,"Harrison, New York"
111,"Juno Beach, Florida"
112,"Dulles, Virginia"
113,"Glendale, California"
114,"New Brunswick, New Jersey"
115,"Bethesda, Maryland"
116,"Melville, New York"
117,"Las Vegas, Nevada"
118,"Cleveland, Ohio"
119,"Brentwood, Tennessee"
120,"Evendale, Ohio"
121,"Norwalk, Connecticut"
122,"Greenwich, Connecticut"
123,"Schaffhausen, Switzerland"
124,"Louisville, Kentucky"
125,"Mooresville, North Carolina"
126,"Columbus, Ohio"
127,"Sarasota, Florida"
128,"Santa Clara, California"
129,"Tulsa, Oklahoma"
130,"Falls Church, Virginia"
131,"Boise, Idaho"
132,"Kenilworth, New Jersey"
133,"Mountain View, California"
134,"Fremont, California"
135,"Stamford, Connecticut"
136,"Somerset, New Jersey"
137,"Denver, Colorado"
138,"Farmington, Connecticut"
139,"Glenview, Illinois"
140,"San Francisco, California"
141,"Charlotte, North Carolina"
142,"Kalamazoo, Michigan"
143,"Thomasville, North Carolina"
144,"Golden Valley, Minnesota"
145,"Houston, Texas"
146,"Thousand Oaks, California"
147,"London, United Kingdom"
148,"St. Louis, Missouri"
149,"Springdale, Arkansas"
150,"Vernon Hills, Illinois"
151,"Providence, Rhode Island"
152,"New Hyde Park, New York"
153,"Fort Worth, Texas"
154,"Austin, Minnesota"
155,"Milwaukee, Wisconsin"
156,"Covington, Louisiana"
157,"Foster City, California"
158,"Lincolnshire, Illinois"
159,"Beverly Hills, California"
160,"Milford, Massachusetts"
161,"Akron, Ohio"
162,"Moline, Illinois"
163,"Daytona Beach, Florida"
164,"Deerfield, Illinois"
165,"Palo Alto, California"
166,"Hamilton, Bermuda"
167,"Vancouver, Canada"
168,"Boston, Massachusetts"
169,"Burlington, North Carolina"
170,"McKinney, Texas"
171,"Birmingham, Alabama"
172,"Springfield, Missouri"
173,"Victor, New York"
174,"Kenosha, Wisconsin"
175,"Durham, North Carolina"
176,"Columbus, Ohio; Detroit, Michigan"
177,"Saint Paul, Minnesota"
178,"Exton, Pennsylvania"
179,"Penfield, New York"
180,"Wayne, Pennsylvania"
181,"Woonsocket, Rhode Island"
182,"Berwyn, Pennsylvania"
183,"Fairfield, Ohio"
184,"Framingham, Massachusetts"
185,"Dublin, Ireland"
186,"San Diego, California"
187,"Sandy Springs, Georgia"
188,"Hercules, California"
189,"Midland, Texas"
190,"Corona, California"
191,"Conshohocken, Pennsylvania"
192,"Shelton, Connecticut"
193,"San Ramon, California"
194,"Westlake, Ohio"
195,"Chicago, Illinois; Pittsburgh, Pennsylvania"
196,"Franklin Lakes, New Jersey"
197,"Merrillville, Indiana"
198,"Plano, Texas"
199,"Buffalo, New York"
200,"Richfield, Minnesota"
201,"Westbrook, Maine"
202,"Baltimore, Maryland"
203,"Sunnyvale, California"
204,"Jacksonville, Florida"
205,"Ferguson, Missouri"
206,"Ewing, New Jersey"
207,"Goodlettsville, Tennessee"
208,"Cambridge, Massachusetts"
209,"Dallas, Texas"
210,"Lake Forest, Illinois"
211,"Everett, Washington"
212,"Chesapeake, Virginia"
213,"London, UK"
214,"Irving, Texas"
215,"Memphis, Tennessee"
216,"Zurich, Switzerland"
217,"Auburn Hills, Michigan"
218,"Riverwoods, Illinois"
219,"Hershey, Pennsylvania"
220,"Orrville, Ohio"
221,"Scottsdale, Arizona"
222,"Cupertino, California"
223,"Findlay, Ohio"
224,"Rosemead, California"
225,"Wilmington, Massachusetts"
226,"Wallingford, Connecticut"
227,"Davidson, North Carolina"
228,"Oakland, California"
229,"Warmley, Bristol, United Kingdom"
230,"Cork, Ireland"
231,"Newtown, Pennsylvania"
232,"Columbus, Indiana"
233,"Wilmington, Delaware"
234,"Des Moines, Iowa"
235,"Chandler, Arizona"
236,"Oklahoma City, Oklahoma"
237,"Eagle, Idaho"
238,"Westminster, Colorado"
239,"Burbank, California"
240,"Chesterfield, Missouri"
241,"San Antonio, Texas"
242,"Minnetonka, Minnesota"
243,"Bellevue, Washington"
244,"Arlington, Virginia"
245,"Menlo Park, California"
246,"Indianapolis, Indiana"
247,"Jackson, Michigan"
248,"Broomfield, Colorado"
249,"Pittsburgh, Pennsylvania"
250,"Bolingbrook, Illinois"
251,"Jersey City, New Jersey"
252,"Washington County, Oregon"
